feature,mean_gain
feature_06,0.02044846821023829
time_pos,0.013404440491270733
feature_36,0.011892431202578962
feature_59__cs_z,0.0098678966326213
feature_60__cs_z,0.008839388748619862
time_cos,0.007729935978864469
feature_04,0.0063223779347890445
feature_00__lag6776,0.005322390467355623
responder_1_prev_tail_lag967,0.004883887951305523
feature_61__lag1936,0.004710926301860234
feature_21__lag7744,0.004673814371092851
feature_04__ewm5,0.0044080638675965435
feature_59__ewm5,0.004393110545133331
feature_61__lag4840,0.004289269328951415
feature_60__ewm50,0.004228727743621329
feature_59__rstd30,0.0042071423105569765
feature_52__rstd30,0.003804949178498196
feature_37__rstd30,0.0037970895337408723
feature_58__ewm50,0.003672978125094227
feature_76__rstd7,0.0036586884266493983
feature_48,0.003649156376291132
feature_08__ewm50,0.0035879230457526124
feature_61__lag2904,0.003492884157790071
feature_04__ewm10,0.0034555092932638098
feature_51__rmean14,0.00339335900524073
feature_07,0.0032989470539805978
responder_5_prevday_mean,0.003270414849517159
feature_61__lag900,0.0032020450982154164
responder_4_prevday_std,0.0031460195919797845
feature_61__lag6776,0.0030692797443794724
feature_61__lag5808,0.0029614367936448994
feature_61__ret50,0.002956535427802465
feature_61__lag3872,0.0029396928399221907
feature_60__csrank,0.002932276570137042
feature_59__ewm50,0.002917566525826806
feature_48__rstd30,0.0029067801132758725
feature_04__ewm50,0.002867654454392676
responder_8_prevday_mean,0.002805241769700279
responder_8_prevday_std,0.0028009257913590357
responder_0_prev_tail_lag10,0.002774351188393029
responder_1_prev_tail_d30,0.002761067471191435
feature_05__rstd30,0.002738784734922484
feature_51__ewm10,0.0027078066046229625
feature_38__rstd30,0.0026986954439034328
feature_59__rstd7,0.002689078120273427
feature_36__ewm5,0.0025837700589701282
feature_60__rmean30,0.0025711772787816254
feature_05__ewm50,0.002570407982987458
feature_31__diff50,0.002557711776088896
feature_08__lag100,0.0025356915546355394
feature_33__rmean7,0.0025188232549501013
feature_58__rstd30,0.0024953903043972653
feature_43__ewm50,0.002464984494093052
feature_20__diff50,0.002460474794538054
feature_01__ewm50,0.0024468275457119296
feature_07__rmean30,0.0024410566807705966
feature_08__lag7744,0.002418875166915099
feature_59__rstd14,0.0024098010717289093
feature_30__lag7744,0.002392974205294536
feature_61__diff50,0.002365460163516407
feature_19__rstd30,0.0023552302890524524
feature_27__rz7,0.0023546782012933845
responder_6_prevday_mean,0.0023506864490419714
feature_61__ewm50,0.002342358464963005
feature_36__rmean3,0.002337043198271385
feature_06__rz30,0.0023332755565202887
feature_68,0.0023255345342641323
feature_58,0.002310502764290996
feature_25__diff50,0.0022968796996592567
responder_8_prev_tail_lag967,0.0022678442554843244
feature_05__rmean30,0.002266231994705961
responder_7_prev_tail_lag967,0.0022472159970297135
feature_61__lag968,0.0022466095701199874
feature_06__ewm50,0.0022406185960333414
feature_22__diff50,0.0022388932793599376
feature_54__ewm10,0.0022216607995304096
responder_8_prev_tail_lag10,0.0021953563540190045
feature_61__rz30,0.00219274266814488
feature_55__ewm10,0.0021853617718973453
feature_08__rstd30,0.0021747217646191147
feature_75__rstd14,0.0021507289008504686
responder_6_close_roll14_std,0.0021483473421982525
feature_21__lag4840,0.002147428322839524
feature_07__rmean3,0.0021363142687387546
feature_38__lag100,0.0021258398733249653
feature_08__rmean30,0.002106391507158964
feature_13__rmean7,0.0020845469293936133
responder_5_prev_tail_lag967,0.002077420575139437
feature_06__rstd30,0.0020755711249205336
feature_06__ewm10,0.0020739964381677844
responder_8_prevday_close_minus_mean,0.002064021927305031
feature_58__rmean3,0.0019867615499464778
responder_6_prevday_std,0.0019759632311202088
feature_54__rmean14,0.0019724231229040256
feature_59__rmean30,0.001956766440474552
feature_33__ewm50,0.0019422965211478012
feature_38__diff50,0.0019378328405741682
feature_47__rmean30,0.0019351753863628733
responder_1_prev_tail_lag950,0.001932905981689729
time_sin,0.0019310721083268011
feature_35__ewm50,0.0019264454899132388
feature_08__diff50,0.001912503602235461
feature_21__diff50,0.0019119031481756301
responder_6_prev_tail_lag967,0.001909978338027759
feature_51__ewm5,0.0019054304134594373
responder_8_close_roll30_std,0.0018949943746817974
feature_60,0.0018803647888437909
feature_68__rmean14,0.00187753270429273
responder_0_prev_tail_lag900,0.001876459589304227
responder_3_prev_tail_lag967,0.0018755869316962887
responder_4_prevday_mean,0.0018702320581225154
feature_53__ewm5,0.0018677437461900046
responder_0_close_roll30_std,0.001846681832862635
feature_37__diff50,0.001841948618262685
feature_53__ewm50,0.0018336002989217132
feature_60__rstd30,0.00183133779995073
feature_08__lag500,0.0018288207343642713
feature_30__lag900,0.0018249346871709567
feature_68__ewm10,0.0017981974955966324
feature_07__ewm50,0.001789388958770301
feature_55__ewm50,0.0017823343219710807
feature_01__rmean7,0.0017733180812785172
responder_3_prev_tail_lag950,0.0017696504570663537
feature_01__rmean3,0.0017643980355399672
feature_47__rmean3,0.001764107868051697
feature_22__lag7744,0.0017609420347129976
feature_32__lag7744,0.0017599015978990334
responder_2_prev_tail_lag11,0.0017551532870019697
responder_1_close_roll14_std,0.0017494905129958865
feature_58__rmean30,0.0017487470132885397
feature_04__rmean3,0.0017449296930326656
feature_54__ewm50,0.0017378064152108823
feature_21__lag5808,0.0017312858430302037
responder_3_prevday_mean,0.001731190992646483
responder_3_prevday_std,0.0017177493159184199
feature_21__rstd30,0.001717159319250212
feature_26__diff50,0.0017171101903099475
feature_28__ret50,0.0017167834455158165
feature_47__rmean7,0.001716481766503554
responder_6_prev_tail_lag50,0.0017148363422419077
responder_4_prev_tail_lag967,0.0017116430124010915
feature_42__ewm50,0.0017083249439670788
feature_07__rstd30,0.0017069472943802434
responder_5_prevday_std,0.0017069271824557899
responder_8_prev_tail_lag6,0.001699639286804683
feature_68__ewm50,0.0016959714091603624
feature_21__lag6776,0.0016740821247796219
responder_7_prev_tail_lag950,0.0016669046242091964
feature_38__ewm50,0.0016562218468732883
feature_29__diff50,0.001650183909210064
feature_15__ewm50,0.0016366464010109769
feature_08__lag1936,0.0016351828058009492
feature_49,0.0016339728215242376
feature_05__diff50,0.0016315887129076656
feature_37__lag100,0.0016310134865781733
responder_2_prevday_std,0.0016279329506585789
feature_25__lag7744,0.0016087607386923003
feature_00__ewm50,0.001597652528298502
feature_56__rmean14,0.001596900283730718
feature_16__rstd30,0.0015950079488884863
feature_38__rmean30,0.0015881338238366732
responder_0_prev_tail_lag500,0.0015849161662368407
feature_49__rstd30,0.001573023411238005
feature_61__rstd30,0.0015623633450265804
responder_2_close_roll14_std,0.0015588599745898712
responder_8_prev_tail_lag500,0.0015579542714032704
feature_07__ewm5,0.0015550756452287072
feature_23__diff50,0.001550377217288063
responder_6_close_roll7_std,0.0015451554452822155
feature_22__lag1936,0.0015444776364466502
feature_68__ewm5,0.0015308795080743337
feature_05__rmean14,0.001530810654517151
feature_24__lag2904,0.0015299473629619743
feature_21__ret50,0.0015227254949078174
feature_68__rstd30,0.0015188135818423453
feature_30__lag1936,0.0015146054673439624
responder_2_prev_tail_lag100,0.0015131660044805156
feature_01__rmean14,0.0015128075593785974
feature_71__ewm50,0.0015105271062807973
feature_61__lag950,0.0015086162224916386
feature_24__diff50,0.0015035657562807218
feature_22__lag6776,0.0015033086080200012
feature_08__lag2904,0.0015021572723185415
feature_13__ewm50,0.0014987437996968327
feature_04__rstd30,0.001492680919715409
feature_28__diff50,0.001490290083060817
feature_07__rmean14,0.0014860897492318637
feature_22__lag2904,0.0014831642213758982
responder_1_prevday_mean,0.001475836444026084
responder_2_prev_tail_lag6,0.0014746127496075895
responder_0_prevday_std,0.0014740049293331305
feature_01__rmean30,0.001466616068171705
feature_61__lag100,0.001462211109762837
feature_61__lag500,0.001461598699482595
feature_23__lag968,0.0014555481608285866
feature_24__lag1936,0.0014519800691329822
responder_1_prev_tail_lag100,0.0014427589889932629
feature_32__ewm50,0.0014341655373198603
feature_40__ewm50,0.00142727290367146
responder_8_prev_tail_lag900,0.001426391180782327
feature_48__ewm50,0.001423844004271981
feature_07__ewm10,0.0014227505040857534
responder_4_prev_tail_lag100,0.0014185723178714062
responder_1_close_roll30_std,0.001407452770078512
feature_37__ewm50,0.0014037327724441204
responder_7_prev_tail_lag10,0.0013985630378936659
feature_76__rstd14,0.0013967532623624978
feature_56__ewm10,0.00139413735046929
feature_56__rmean30,0.0013941283116126572
feature_30__rz30,0.0013920287045624201
responder_1_prev_tail_d10,0.001391404878276074
feature_39__ewm50,0.0013905059531675143
responder_7_prev_tail_lag900,0.0013877748791031271
feature_56__ewm5,0.0013876122194173748
feature_46__rstd30,0.0013830347106801428
feature_71__rmean14,0.0013686646272543703
feature_26__rstd30,0.0013663336625986703
feature_26__ret50,0.0013586984405415635
feature_29__lag3872,0.0013480079909370323
feature_30__lag3872,0.001344261278821647
feature_44__ewm50,0.0013369514112967302
feature_06__rmean14,0.0013354178246415163
feature_24__lag6776,0.0013254036808084883
feature_22__rstd30,0.0013239993535268046
responder_6_prev_tail_lag100,0.0013238677059721519
responder_4_prev_tail_lag500,0.0013233110154411676
feature_24__lag3872,0.00132138179490589
feature_22__lag3872,0.0013208744663092899
responder_7_prev_tail_lag100,0.0013179223835733463
feature_38,0.001309591944758042
feature_45__rmean3,0.0013082638427476447
responder_7_same_t_prev1,0.001291227023271899
feature_30__ewm50,0.0012875509501850103
feature_24__lag5808,0.0012789287950645105
responder_0_prev_tail_lag6,0.0012727130947515087
feature_06__rz14,0.0012692705077089167
feature_58__rmean14,0.001268800644170178
feature_36__ewm10,0.0012682632465342608
feature_31__ret50,0.0012680562477270937
responder_5_prev_tail_lag950,0.0012546442571702856
responder_5_close_roll14_mean,0.0012458789398143138
feature_08__lag50,0.0012457250322413533
feature_29__ret50,0.0012427745157522017
feature_09,0.0012356375511143587
feature_42__rmean30,0.0012341700725584045
feature_71__rmean7,0.0012294645285312522
responder_5_prev_tail_lag31,0.0012163880203200114
feature_48__rstd14,0.0012156867480236113
feature_26__lag2904,0.0012107889589059303
responder_1_prev_tail_lag31,0.0012059520692628712
feature_60__rmean14,0.001204929166556226
responder_3_prev_tail_lag11,0.0012044537859500618
feature_40__rmean7,0.0012042496526882217
responder_7_prev_tail_lag50,0.0012032850366055872
feature_30__lag10,0.001201778861347116
feature_60__ewm10,0.0012008976621738238
feature_04__rmean30,0.0011998554911520584
feature_31__lag2904,0.001196529923502727
feature_22__lag968,0.001194449792238694
responder_1_prevday_std,0.001191743072024578
feature_18__rstd30,0.0011906944888632218
feature_05__lag100,0.0011869374741763263
feature_18__rmean30,0.0011813625674691685
feature_56__rmean3,0.0011802955757218142
feature_75__rstd3,0.0011795678729374518
feature_13__rmean14,0.0011789408082430266
feature_19__rmean30,0.0011765227934861437
feature_27__diff50,0.0011758692119001426
responder_6_prev_tail_lag900,0.0011757799617342492
feature_30__lag2904,0.0011741745094974074
feature_58__ewm5,0.00117246121652029
feature_20__ret50,0.0011713474459366627
feature_24__ret50,0.0011710490448078252
responder_2_prev_tail_lag950,0.0011662167590518408
feature_34__rstd30,0.0011569195273631702
responder_7_close_roll14_mean,0.0011533454077460167
feature_30__lag500,0.0011530188861329541
feature_12__rstd30,0.0011529817374921697
feature_22__lag100,0.0011486389542694363
feature_22__rz3,0.001146706935000383
responder_3_prev_tail_lag100,0.0011426751159630947
feature_38__lag500,0.0011418675140874462
responder_0_prev_tail_lag11,0.0011386908247391094
feature_71__rmean30,0.001135940882257387
feature_34__diff50,0.0011310834240020637
feature_61__ewm5,0.0011309561696390695
feature_65__ewm50,0.0011297578937076332
responder_2_prev_tail_lag10,0.0011279828845276831
feature_37__lag900,0.0011273937622858156
feature_20__lag100,0.0011271452813759893
feature_25__ret50,0.0011242305657057049
feature_27__ret50,0.0011192817246836076
feature_37__lag500,0.001116763343697673
feature_05__lag50,0.0011150118927452282
responder_7_close_roll30_mean,0.0011142130179990512
responder_0_prev_tail_lag100,0.0011121506049576006
feature_56,0.0011118756863946104
responder_5_prev_tail_lag50,0.001110496621537421
feature_06__rstd14,0.0011101178352606977
feature_49__ewm50,0.001109631523224391
responder_4_prevday_close_minus_mean,0.0011074056359809078
feature_67__rstd30,0.0011054877775912547
feature_38__lag50,0.0011046576299407651
feature_25__rz30,0.001103946031533614
responder_6_prevday_close_minus_mean,0.0011034388408053615
feature_36__ewm50,0.001103035223132639
feature_23__ret50,0.001100054558781347
feature_24__lag100,0.0010997478682875038
responder_8_prev_tail_d10,0.001099237086268726
feature_29__lag2904,0.001098511326029871
feature_52,0.001098382099137212
responder_1_prev2day_close,0.0010969211885172303
responder_3_close_roll7_std,0.0010882413524573216
feature_11,0.0010837248480621705
responder_3_prev_tail_d10,0.001083216145539801
feature_22,0.001081709148356568
feature_68__rmean30,0.0010785629536283372
responder_0_prev_tail_lag31,0.0010723442132451343
responder_0_close_roll14_std,0.0010710728041980803
feature_58__ewm10,0.0010673908604417032
responder_5_prev_tail_lag900,0.0010662600771495817
feature_26__lag1936,0.0010612484482990746
feature_26__rz30,0.0010588187062443928
feature_70__rstd30,0.0010576654203583514
feature_61,0.0010562626418469012
responder_7_prev_tail_d5,0.0010561292446085394
responder_3_close_roll14_std,0.0010550991168815026
feature_61__lag50,0.001052145736410971
feature_61__rz7,0.0010489313841504939
feature_19__ewm50,0.0010483440803289966
feature_04__rmean14,0.0010482363744607173
feature_05__rmean7,0.001047708427072084
responder_1_close_roll30_mean,0.0010459233933414035
feature_76__ewm10,0.001045855358740723
feature_51__ewm50,0.0010449740002872014
feature_39__rmean30,0.0010445275530527095
feature_02__ewm50,0.001042541433416954
feature_47__lag968,0.0010410769942464802
feature_76__ewm50,0.0010370010358982653
feature_57__rmean30,0.0010321413434929891
responder_0_prev_tail_d5,0.001029952222786295
responder_6_prev_tail_lag31,0.0010298898934629269
feature_27__rz14,0.0010298402868881957
feature_01__lag1936,0.00102965754517221
feature_27__rz3,0.0010277290030437387
feature_23__lag100,0.0010261467842990872
feature_24__lag4840,0.0010244273743702608
feature_75__rstd7,0.0010202937696854686
feature_07__rmean7,0.0010202119479807042
feature_45__ewm10,0.0010200055866573542
responder_6_prev_tail_lag10,0.0010195762705906158
responder_3_prev_tail_lag900,0.0010172565700821048
responder_1_prev_tail_lag500,0.0010145701159386508
feature_31__lag1936,0.0010139259533540918
feature_29__lag1936,0.0010134838700908372
feature_06__rmean30,0.0010121084376661905
feature_22__lag500,0.001011016880782643
responder_7_close_roll7_mean,0.0010080297391849126
feature_66__ewm50,0.0010056366346039352
feature_66__rmean30,0.0010055691016731968
feature_26__lag6776,0.000997560636920412
feature_24,0.000997148719276523
responder_8_prev_tail_d1,0.000988111207895381
responder_5_prev_tail_lag11,0.000987685135468128
responder_7_overnight_gap,0.0009870592015928216
feature_60__rmean3,0.0009810234598623198
feature_43__rmean30,0.0009729510602160432
responder_5_prev_tail_lag10,0.0009729303115264452
feature_23,0.0009697113166478545
feature_42__rmean3,0.0009673392320570155
feature_08__lag6776,0.0009640288111162621
feature_66__ewm5,0.0009600668609009039
feature_01__lag7744,0.0009557189548024096
responder_3_prev_tail_lag50,0.0009534718350661107
responder_0_close_roll7_std,0.0009530008704196097
feature_03__ewm50,0.0009495577958190345
feature_21__rz30,0.0009485561635890598
feature_23__rz30,0.0009485152557049389
feature_23__lag50,0.0009476805578451342
feature_38__ewm10,0.0009461828597912018
feature_13__ewm10,0.0009345779948276424
responder_0_close_roll30_mean,0.0009341970096973964
feature_13__rmean30,0.0009322222041549316
feature_29__lag500,0.0009303633647867503
responder_6_prev_tail_d1,0.0009300334910598133
feature_05__ewm10,0.0009272185764546452
responder_8_prev_tail_d30,0.0009262724827605508
feature_27__ewm50,0.0009252045927919754
responder_4_prev_tail_d1,0.0009243870454207976
feature_39__rmean14,0.0009227107745216724
feature_34__ewm50,0.0009171466553952068
feature_26__rz7,0.0009148873342978434
feature_25__rstd30,0.0009145910183856347
feature_41__ewm50,0.0009094437625990564
responder_8_prev_tail_lag100,0.00090545685247513
feature_20__lag4840,0.000904687842738878
responder_6_prev_tail_d5,0.0009036346498802169
feature_17__ewm50,0.0009034763129826698
feature_32__rmean30,0.0009030571251860103
feature_61__rz3,0.0009017279561345898
feature_23__lag7744,0.0008997336391965045
feature_04__rmean7,0.0008992552438106625
feature_21__lag1936,0.0008989045956309108
feature_21__lag2904,0.0008966009008892222
feature_23__ewm10,0.0008945152655281628
feature_24__lag900,0.0008939754461592972
feature_27__lag3872,0.0008893234710614581
responder_5_close_roll3_std,0.0008888761262474914
responder_5_close_roll30_mean,0.0008885015197035049
feature_25__lag4840,0.000884484363442306
feature_23__rz7,0.0008836376387327018
responder_2_prev_tail_d5,0.0008828760863726806
feature_42__rmean7,0.0008806764367133534
feature_66__rmean14,0.0008785611493170046
feature_28__lag7744,0.000877981967948873
feature_18__ewm50,0.000876776339511166
feature_01__lag968,0.0008752269902961686
feature_68__rmean3,0.0008718988948676707
feature_23__rstd30,0.0008696120056041826
feature_42__rstd3,0.0008691499180358614
responder_4_prev_tail_lag50,0.0008679692925178818
feature_20__lag950,0.0008676709435722662
feature_29__rstd30,0.0008669416498112525
feature_52__ewm50,0.0008649266459460276
responder_7_close_roll3_std,0.0008637505078027631
feature_19__ewm10,0.0008612306298885594
feature_58__rmean7,0.0008603894474330617
responder_4_prev_tail_d10,0.0008574405788571977
feature_37__lag50,0.0008570813099575678
feature_42__rmean14,0.0008556633952798236
feature_56__rmean7,0.0008531777335924707
feature_75__ewm50,0.0008523858730811239
responder_4_overnight_gap,0.0008521996816630645
feature_57__ewm50,0.0008510667368811836
feature_02__rmean30,0.0008507981670840294
feature_38__lag950,0.0008501302405882142
feature_26__lag100,0.000848522605122935
feature_25__lag5808,0.0008453591134681501
feature_37__ewm5,0.0008449955352580589
feature_39__lag968,0.0008439359299547968
feature_46__rmean30,0.000843168689269811
feature_08__lag3872,0.00084127558098814
responder_5_prev_tail_d1,0.0008397121020211529
feature_01__lag100,0.0008394526659864976
feature_45__rmean30,0.0008383505070391649
feature_05__lag1936,0.0008357896978407427
feature_42__lag6776,0.0008331490794241797
feature_75__rstd30,0.0008328172769586056
feature_43__rmean14,0.0008305694732867763
responder_8_overnight_gap,0.000830328033504376
feature_61__ewm10,0.0008269165267668309
feature_31__lag100,0.0008248188571052975
feature_36__rmean7,0.0008239571186374416
feature_08__lag4840,0.000821533380293681
responder_2_close_roll3_std,0.0008178551642143727
feature_31__rz30,0.000817455932183031
responder_2_prevday_mean,0.0008157145955554311
feature_36__rstd30,0.0008155324077088792
feature_21__lag3872,0.0008152310921024713
feature_23__lag4840,0.0008133706710255767
responder_7_same_t_last10_mean,0.0008117857044971073
feature_00__rmean14,0.0008079370783568622
responder_5_prev_tail_lag6,0.0008068637933136126
feature_38__rmean3,0.0008068485886486552
feature_22__rz30,0.000806369902150504
responder_5_close_roll7_std,0.0008063229667698669
feature_05__lag2904,0.0008045161645606003
feature_61__lag10,0.0008045136142854905
feature_27__rz30,0.0008004665147487105
feature_03__lag6776,0.0008004115238459578
responder_2_overnight_gap,0.0007985080351503716
feature_69__ewm50,0.0007980688856321876
responder_2_prev_tail_lag31,0.0007971929246984293
responder_2_prev_tail_d1,0.0007970631770827685
feature_76__rz7,0.0007963049063532169
feature_20__lag5808,0.0007962939682478596
feature_35__rmean30,0.0007955733411322274
responder_4_prev_tail_lag31,0.0007943490858965918
feature_31__lag5808,0.000792700801198277
feature_23__lag6776,0.0007919635181852812
feature_12__ewm50,0.00079100368064253
feature_30__rz3,0.0007887244485608545
feature_25__rz7,0.0007849585529002723
responder_3_close_roll30_mean,0.0007842273976841069
feature_01__rstd30,0.0007838700730043856
feature_31__lag3872,0.0007796555710499604
feature_21__rz3,0.0007786770803084675
responder_6_prev_tail_lag2,0.0007781952069926081
feature_59__csrank,0.0007775989729549369
feature_13__ewm5,0.0007766958277106728
feature_20__lag7744,0.0007719268155088814
feature_08__rmean3,0.0007682140867850162
feature_20__lag500,0.0007676077622560276
feature_38__rmean14,0.0007671834234044541
feature_08__rmean14,0.0007643862914927407
feature_31__lag900,0.0007594142825768765
feature_22__ewm50,0.0007589033988486334
feature_37__rmean14,0.0007558000333294806
feature_31__lag50,0.0007548937475157754
feature_21__lag900,0.0007545614854958025
feature_45__ewm50,0.0007541115235973881
feature_28__rstd30,0.0007529911599269376
responder_1_overnight_gap,0.0007525680654407014
feature_05__rmean3,0.0007512198308558544
responder_1_close_roll7_mean,0.0007496465182300972
responder_1_prev_tail_lag50,0.0007495381619793992
feature_29__rz14,0.0007481181868157342
feature_36__lag1,0.0007480402418732139
feature_26__cs_z,0.0007386211340020863
feature_55__ewm5,0.0007354906489674429
feature_25__lag2904,0.0007291245932232872
feature_56__ewm50,0.0007285050159604994
feature_46__ewm50,0.00072778302376901
feature_05__lag500,0.0007273153700929236
feature_06__rmean7,0.0007262634729850307
feature_61__rmean14,0.0007231217361984855
responder_0_prev2day_close,0.000719627893466499
feature_55__rmean30,0.0007193155455525091
feature_53__rstd3,0.0007181790558209658
feature_62__ewm50,0.0007169481893706407
responder_8_prev_tail_d5,0.00071646458391815
responder_4_prev_tail_lag6,0.0007140384702667532
responder_7_prev_tail_lag11,0.0007124017343296968
feature_49__ewm5,0.0007117068348916978
feature_20,0.000709669590314791
feature_66__rmean7,0.0007094403281516237
responder_5_close_roll14_std,0.0007079984434223053
feature_01__lag900,0.0007068339064100023
responder_0_prev_tail_d10,0.000704989678035783
feature_20__lag6776,0.0007047012220116242
feature_24__rz3,0.0007031162481076496
responder_6_close_roll7_mean,0.000702730324753405
feature_05,0.0007015797568993414
feature_23__rz14,0.0007014142378188857
feature_02__ewm10,0.0006989483516296573
feature_38__ewm5,0.000698865069261986
responder_3_close_roll7_mean,0.0006987088897726498
responder_5_prev_tail_lag500,0.0006981500537439783
feature_47__rstd14,0.0006979793139083111
responder_6_close_roll3_mean,0.000697372328688006
feature_25__lag3872,0.0006941082770814799
feature_53__lag1936,0.0006920048705341087
responder_7_close_roll3_mean,0.000690320418014689
feature_69__diff50,0.0006856882654650721
feature_24__lag968,0.0006829185949858119
feature_74__ewm50,0.0006818024524224097
responder_7_close_roll30_std,0.0006808492094633484
responder_7_prev_tail_lag1,0.0006805323507587332
feature_05__rz30,0.0006800285348710032
feature_22__ret50,0.0006788957164778994
feature_08__lag5808,0.0006767040946824084
responder_3_close_roll3_mean,0.000675702662107221
responder_1_prev_tail_d1,0.0006754221211228994
feature_70__ewm50,0.0006725583702016293
responder_7_prev_tail_d30,0.0006717213938810024
feature_39__lag2904,0.0006690996046878051
responder_3_prev_tail_d30,0.000668729241945864
feature_53__lag2904,0.0006670383700583277
responder_8_prev_tail_lag1,0.0006661164127757358
responder_3_prev_tail_d5,0.0006655652624370846
feature_08__rstd14,0.0006636507758837422
responder_7_prev_tail_lag31,0.000662411390089494
feature_66__ewm10,0.0006615859939742895
feature_29__lag7744,0.0006587246862653676
feature_29__rz3,0.000657476370649711
responder_5_prev_tail_lag2,0.000656155661924375
feature_33__lag1,0.0006559149445407016
responder_4_prev_tail_d30,0.0006528606369243627
feature_55__rmean7,0.0006520202901479723
feature_23__rstd14,0.0006516587291371207
feature_21__rz7,0.0006485842570749536
feature_44__rmean30,0.0006485211645164096
feature_08__lag968,0.000646745097200801
feature_14__ewm50,0.0006465601893611921
feature_25__lag500,0.000645598644269008
feature_65__ewm5,0.0006449083633880377
feature_28__rz7,0.0006445737823234738
feature_74__rstd30,0.0006401094417073319
feature_31__rstd3,0.0006391483125943636
feature_22__rmean7,0.0006384986587713256
responder_3_prev_tail_lag6,0.000637786633761785
feature_32__lag2904,0.0006362706019913036
feature_05__ewm5,0.0006360451605341697
feature_24__lag2,0.0006353173119977169
feature_19__rmean7,0.000635107415240859
feature_60__rstd14,0.0006348172060193853
feature_27__lag2904,0.0006344029716743003
feature_26__rz3,0.0006332932695958062
responder_4_same_t_prev2,0.0006326559750033088
feature_14__lag950,0.0006317525961871581
feature_45__rmean7,0.0006307177673805304
feature_08__ewm10,0.0006302811964686668
feature_08__ewm5,0.0006287489473035434
feature_21__ewm50,0.0006267090129462617
feature_31__lag10,0.0006263443127223964
feature_67__lag100,0.0006249146619194667
responder_2_prev2day_close,0.000624497896840585
feature_08__rz30,0.0006243293764476566
feature_01__diff50,0.0006213682431027822
feature_25__lag1936,0.0006209583457502986
feature_28__rz14,0.0006190205605337513
feature_25__lag6776,0.0006184559959227533
feature_05__lag5808,0.0006162332864978722
feature_37__rmean7,0.00061597408688299
feature_24__rmean30,0.000614529944022497
feature_24__rstd14,0.0006143129367640272
feature_01__lag4840,0.0006099808190892007
feature_23__ewm50,0.0006093086336078639
feature_20__rz30,0.000609226470339497
feature_72__ewm50,0.000607768595785282
feature_23__lag1936,0.0006073020769098118
feature_41__rmean30,0.0006064720951596935
responder_8_close_roll3_mean,0.0006064478258195786
feature_01__lag3872,0.0006047342150358071
responder_2_prev_tail_lag900,0.0005997211507833466
feature_26__lag4840,0.0005996051006801797
feature_42__lag5808,0.0005991860517038073
feature_24__lag950,0.0005990759045163148
feature_07__diff50,0.0005988155950872938
feature_08__lag950,0.0005970168333482476
feature_51__rstd30,0.0005900560776197514
feature_50__rmean14,0.0005884381974726948
responder_4_close_roll3_std,0.000587845727238637
feature_51__rstd14,0.0005859553828394613
feature_28__lag2904,0.0005848534820733146
feature_38__rmean7,0.0005838251633018842
responder_0_prev_tail_lag1,0.000580855642118783
feature_28__lag6776,0.0005776510239419157
feature_31__lag968,0.0005735736541499852
feature_07__lag10,0.0005707797794771997
feature_28__lag100,0.0005679291144642962
feature_78__lag1936,0.0005676687821093125
feature_39__rmean7,0.0005657486819993266
feature_01__lag2904,0.0005654368170344081
feature_23__rstd3,0.0005648912628007877
feature_69__ewm5,0.0005643501802690287
feature_61__rstd3,0.0005642139995852514
feature_24__rstd7,0.0005588953350003537
responder_5_close_roll3_mean,0.0005585031787364314
responder_0_prev_tail_d30,0.0005567270173782021
feature_39__rmean3,0.0005525568065621526
feature_50__lag7744,0.0005519416862734475
feature_65__diff50,0.0005508556401578226
feature_71__rstd30,0.0005502741207521364
responder_4_prev_tail_lag2,0.0005501220283829748
feature_25__lag100,0.0005495570200219216
feature_03__rmean30,0.000547323514813263
feature_23__lag5808,0.0005463487135541078
feature_24__lag1,0.0005451709374212976
feature_28__lag5808,0.0005442305405126866
responder_2_prev_tail_lag500,0.0005441935804528606
feature_06__rz3,0.0005433233279755554
responder_3_close_roll3_std,0.0005433069505827808
feature_38__lag968,0.0005359937592212712
feature_23__lag2904,0.0005314270700461523
feature_50__rstd3,0.0005293002384882356
feature_32__lag4840,0.0005284746053989008
feature_57__rmean14,0.0005271956375644017
feature_15__lag100,0.0005247032108996898
feature_28__rz3,0.0005245031618725661
feature_04__lag968,0.0005220286060595802
feature_22__rz14,0.0005195457249381591
feature_08__rmean7,0.0005150951372346002
feature_08,0.0005130165143834677
feature_19__ewm5,0.0005124943547196963
feature_52__rmean3,0.0005119614745108501
feature_39__lag3872,0.0005118207201060945
feature_21,0.0005110228969083518
feature_05__lag3872,0.0005104575405041352
feature_31__rz7,0.0005085961816674193
feature_31__rstd7,0.0005068734496754621
feature_38__lag6776,0.0005062841467161775
feature_42__lag1936,0.0005040734216422114
feature_58__lag2,0.000503336881663083
feature_63__ewm50,0.0005020810381628361
feature_38__rstd14,0.0005016720800908405
feature_15__rstd3,0.0005003269960415336
feature_39,0.0004998246530909521
feature_28__lag900,0.0004998027799008133
responder_1_prev_tail_lag11,0.0004994302820856912
feature_36__rmean14,0.0004989695978753683
feature_70__lag50,0.0004937359538197872
feature_39__ewm10,0.0004936998279321392
feature_26__lag900,0.0004930450199557496
feature_52__ewm5,0.0004917268555446802
feature_53__lag3872,0.0004915480768732059
feature_05__lag1,0.000490094931948789
responder_1_close_roll3_mean,0.0004889117614078871
feature_69__ewm10,0.000488586982869558
feature_70__lag100,0.0004874596448656013
feature_31__rmean3,0.0004832033441609481
responder_0_prev_tail_lag2,0.0004792994358692576
feature_22__rstd14,0.0004791341520763648
feature_67__diff50,0.00047515461089716823
feature_64__ewm50,0.0004729507536286175
feature_58__lag1,0.00047157676074635857
feature_05__lag900,0.0004713523630635364
feature_34__ewm10,0.00046912387636159923
feature_21__lag950,0.0004683625928589303
feature_01__lag50,0.00046720727845734787
feature_39__ewm5,0.0004667268104190773
feature_20__rz3,0.0004645405437984727
feature_55__rmean3,0.0004636332415039174
feature_20__lag10,0.0004621649935648062
feature_50__lag1936,0.00046196301159924524
responder_6_prev_tail_lag1,0.00046165063959798615
responder_1_prevday_close_minus_mean,0.00046164293837076717
feature_49__ewm10,0.00046163551889780814
responder_5_prevday_close_minus_mean,0.00046112716666760244
feature_01,0.00046103335849259847
feature_13__rstd14,0.0004609891250386526
feature_75__rz3,0.00046060281222930406
feature_50__ewm5,0.0004602563762960304
feature_49__rmean14,0.00045859723277937644
time_bucket,0.0004568670122419237
responder_4_prev_tail_lag1,0.00045399414778002475
feature_21__lag968,0.0004537997978842507
responder_3_prevday_close_minus_mean,0.0004510334287756917
feature_70__rmean30,0.00044788724156754256
feature_54__rstd30,0.000446574729054641
feature_29,0.00044267131922456546
feature_36__rz30,0.00044004491742476886
feature_00__lag5808,0.0004376989296328268
feature_21__lag1,0.00043603056393800394
feature_21__rstd14,0.00043195429180194683
feature_20__rmean30,0.0004293113496447444
feature_37__lag950,0.00042831079955204686
feature_26__rz14,0.0004270272619306427
feature_38__lag1,0.0004256547185089737
feature_35__ewm10,0.00042353731732223385
feature_04__lag100,0.00042183071313775587
feature_31__ewm10,0.0004215246062772184
responder_4_same_t_prev14,0.0004144017293472212
feature_12__rmean14,0.0004106608133058171
feature_26__lag968,0.0004103406618448458
feature_57__ewm10,0.00040714510608935923
feature_39__rstd30,0.00040323968967586796
feature_25__ewm50,0.00040287448914272546
feature_26__lag950,0.00040027212663294677
feature_29__lag1,0.0003972394310054162
feature_26__lag500,0.0003970917803485007
feature_50,0.0003965431140480175
feature_20__rstd7,0.0003965012753847113
feature_01__lag6776,0.0003901443113985096
feature_30__rstd14,0.0003888256433126708
feature_76,0.0003884265894119254
feature_57__rmean7,0.00038677715127782847
feature_76__ewm5,0.0003867441765406777
feature_08__rstd7,0.00038618974762884224
feature_75__ewm10,0.0003822039334759099
feature_46__rmean14,0.0003804423508059735
feature_67__rmean14,0.00037935868059955766
feature_18__ewm5,0.00037887617241113436
feature_24__rstd3,0.0003777945665279488
feature_02__ewm5,0.00037590502390326733
feature_31__ewm50,0.0003753468576270495
feature_33__diff50,0.00037516786936241955
feature_38__lag4840,0.0003744573907462429
feature_28__lag500,0.0003726043195004079
feature_12__rmean30,0.0003723392528374975
feature_58__lag500,0.00037117169048885804
feature_67__lag968,0.00036942535512250534
feature_38__lag3872,0.00036936448887106067
feature_69__lag100,0.0003674408470662795
feature_72__rmean30,0.0003654305223245181
feature_57__lag100,0.00035931417172338286
feature_00__rstd30,0.0003589353243257321
feature_57__ewm5,0.000358712191090364
feature_42__lag3872,0.0003586747661171141
feature_72__rmean14,0.00035721627363909266
feature_16__ewm50,0.0003566776784725083
responder_5_prev_tail_lag1,0.0003561029155782965
feature_25,0.00035549388131878387
feature_74__rmean30,0.00035460968667604717
feature_50__rmean3,0.0003529044553710906
feature_05__lag2,0.0003492243804782285
feature_69__rmean7,0.0003491211540600977
feature_18__rmean3,0.00034871837797658225
feature_25__rstd3,0.00034592222000864615
feature_20__rmean7,0.00034558807145837836
feature_58__lag968,0.0003404362202378033
feature_61__diff10,0.0003321699347303887
feature_34__rmean7,0.0003303513618115252
feature_78__ewm10,0.0003301507688945228
feature_38__lag7744,0.00032647673997532073
feature_28__ewm50,0.00032613392031757144
feature_21__rmean7,0.0003256718374296814
feature_00__lag900,0.00032401235183738663
responder_7_same_t_prev21,0.00032395748578525267
feature_37__rstd14,0.0003224591152551657
feature_74__lag50,0.0003221796050299905
feature_47__lag1,0.0003207112360508615
feature_03__rstd30,0.000317752864992606
feature_21__rmean14,0.00031448409741748876
feature_42,0.00031416015539684016
responder_1_prevday_close,0.0003124171903337912
feature_05__ret50,0.0003114629381059167
feature_76__rz3,0.000309566025149498
feature_25__rmean30,0.0003077785178980352
feature_15__lag968,0.00030588693039089844
feature_34__lag7744,0.0003040456104284278
responder_1_same_t_last10_mean,0.00030368613725362
feature_73__ewm10,0.0003013244191682455
feature_04__diff50,0.0002994793725026422
feature_23__rstd7,0.000299279058438235
feature_04__lag6776,0.0002991168698520205
feature_72__lag950,0.00029845566444816076
responder_1_prev_tail_lag2,0.00029831049238079313
feature_35__lag4840,0.00029694606634055
feature_03__rmean14,0.00029683437219631
feature_29__rstd3,0.00029585018629953955
feature_36__lag10,0.0002957026143444051
feature_53__lag968,0.00029561684482549077
feature_07__rstd14,0.000294301605184759
feature_67__lag4840,0.0002922194648746977
feature_15__ewm5,0.0002918352697447573
feature_35__diff50,0.0002911997662557232
feature_02__lag5808,0.0002910003749086685
feature_04__lag3872,0.00028825651943633013
feature_37__lag7744,0.00028817431852995516
feature_18__diff50,0.0002878035294081599
feature_40__rmean14,0.0002851344663697739
responder_1_prev_tail_lag6,0.00028504181555223993
feature_74__lag1936,0.0002822396074127593
feature_14__rmean30,0.0002772729591214924
feature_08__lag10,0.00027622738068408255
feature_76__rmean3,0.0002761224726674169
feature_28,0.0002760522748564511
feature_74__ewm5,0.0002755213715750348
feature_74__rmean14,0.00027253717878872373
feature_69__rstd14,0.0002722734498142934
feature_52__rmean14,0.00027172748675760735
feature_04__lag1,0.0002709596573039639
feature_17__rmean14,0.0002685376337553712
feature_15__rmean3,0.00026100266137420706
responder_7_same_t_prev30,0.0002602944190451065
feature_47__lag5808,0.0002593380776222568
feature_72__lag900,0.00025799127051470217
feature_47__lag500,0.000255475935413512
feature_29__rmean14,0.00025491048309610664
feature_72__lag1936,0.00025349871209063624
feature_25__ewm10,0.00025302884328589275
feature_74__lag900,0.0002493336691905652
feature_51__rmean7,0.0002483423690541319
feature_12__rmean3,0.00024803975514914176
feature_49__rmean7,0.00024671638133949835
feature_46__ewm10,0.00024596703482248185
feature_29__ewm10,0.0002442964392162717
feature_12__ewm10,0.0002440284770817559
feature_14__lag7744,0.0002432644385103856
feature_74__lag100,0.00024013189369287777
feature_46__diff50,0.0002380941335876745
responder_4_same_t_prev30,0.00023706630112402775
feature_39__lag1,0.00023259293441485956
feature_58__lag10,0.00023204993519516752
feature_17__rstd14,0.0002281109140296925
feature_25__lag1,0.0002266963722220078
feature_34__rmean3,0.00022541094169840377
feature_52__rmean7,0.00022365003522463277
feature_34__ewm5,0.00022362246174277767
feature_15__lag3872,0.00022316420272323661
feature_69__lag968,0.0002225839420134682
feature_77__lag2,0.00022023818320767162
feature_38__lag10,0.00021490958101783012
feature_00__ewm10,0.00021245744212262864
feature_32__lag950,0.0002102892746343333
feature_12__lag968,0.00020615334137723458
feature_14__rstd14,0.0002057291966759927
feature_20__rstd3,0.0002046109868087677
feature_67__rstd14,0.00020007679762273857
feature_78__ewm5,0.00019572088085075952
feature_71__rstd14,0.0001951763064413682
feature_16__ewm10,0.0001936912473978315
feature_03__lag4840,0.0001932854609208103
feature_66__lag7744,0.00019327880288726396
feature_57,0.00018999336040558435
feature_64__ewm5,0.0001897146901218716
feature_28__ewm10,0.00018925689407012805
feature_70__lag950,0.00018685554276801728
feature_61__ret10,0.00018590533959834477
feature_08__diff10,0.00018557480457827557
feature_14,0.0001846399374985786
feature_50__lag900,0.00018255712778544826
feature_28__lag1,0.0001807722378529492
feature_74__lag968,0.0001789231763583665
prev1_same_t_std_9rep,0.00017831241808832744
feature_78__lag4840,0.00017661449583411502
feature_17__ewm10,0.0001727696412693501
feature_74__lag500,0.00016613209021001078
feature_01__rstd14,0.0001653784235061215
feature_33__lag50,0.00016527452652881483
feature_14__lag1,0.00016477899238278253
feature_39__rz3,0.00016431388236086905
feature_04__rstd14,0.00016389402613705084
feature_24__diff10,0.0001631979852335797
feature_25__rmean3,0.00016167671435171195
feature_16__ewm5,0.00016153260387239123
feature_73__lag500,0.00015853877799931767
feature_19__lag968,0.00015354949651401244
feature_78__lag968,0.0001523058488681118
feature_73__lag900,0.00014890999274661386
feature_03__rmean7,0.0001484023224326244
feature_14__lag500,0.00014835615977778024
feature_57__rmean3,0.0001464797281575941
feature_73__lag5808,0.0001451939013216666
responder_8_prevday_close,0.00014501296931408858
feature_32__rstd30,0.00014263502991958328
feature_17__ewm5,0.00014185660078363916
feature_61__diff3,0.00014125976273220882
feature_16__rmean14,0.00014102524204309073
feature_76__lag1936,0.00014067603118214845
feature_74__lag10,0.0001401944282389556
feature_44__rstd30,0.00013960677924469
feature_53__rz30,0.00013629888441942526
feature_46__ewm5,0.00013599958195178324
feature_62__lag6776,0.00013503113702805264
feature_02__rmean3,0.000134737400981872
feature_50__lag10,0.00013237319918728667
feature_75,0.0001290049330221771
feature_62,0.0001249975292142212
feature_42__rz7,0.00012310438404707194
feature_56__lag900,0.0001228499704002979
responder_3_same_t_prev14,0.0001227214127897754
feature_74__rstd14,0.00012026052074073893
feature_74__lag7744,0.00011949008529071847
feature_16,0.00011767303847348557
feature_57__lag968,0.00011693544659314361
feature_39__lag10,0.00011665347916068572
feature_78,0.0001164300266436506
feature_62__lag100,0.0001127173677327897
feature_01__ret50,0.00011247025848781753
feature_04__lag950,0.0001120444326366937
feature_77__lag2904,0.00011154818323775826
feature_74__lag6776,0.00011068355129864914
feature_72__lag500,0.00010922157797295365
feature_18__lag1,0.00010655090730492595
feature_00__rmean3,0.00010642809360126818
feature_78__lag7744,0.00010433292697429348
feature_65__lag5808,0.0001036340716547728
feature_22__diff10,0.00010107988524436976
feature_19__lag7744,0.00010096398855961126
feature_24__diff3,9.622567230428906e-05
feature_05__ret10,9.384026828259099e-05
feature_57__lag5808,9.29708738579654e-05
feature_24__ret10,8.897833991778451e-05
feature_15__rz3,8.788089222801267e-05
feature_17__lag10,8.638833463219851e-05
feature_35__lag500,8.597895078701972e-05
feature_62__lag968,8.537700649938616e-05
feature_46__lag4840,8.528483763124763e-05
feature_38__ret10,8.423438571966861e-05
feature_12__lag1,7.952609583898362e-05
feature_65__lag968,7.86967453466098e-05
responder_7_same_t_last10_slope,7.771295158513647e-05
feature_42__lag500,7.658928040378015e-05
feature_36__lag4840,7.345495023767464e-05
feature_53__lag500,7.311004748728652e-05
feature_44__rz7,7.010779114024385e-05
feature_17__lag2904,6.934939597651231e-05
feature_39__lag500,6.832220722694697e-05
feature_46__rmean3,6.73713502032243e-05
feature_17,6.732500573690917e-05
feature_06__rz7,6.69093587624914e-05
feature_78__rstd7,6.686342350768258e-05
feature_75__lag900,6.410958711894361e-05
feature_39__diff50,6.379175495536148e-05
feature_34,6.342209642252845e-05
feature_57__lag950,6.335197989839685e-05
feature_38__diff10,6.061693539751878e-05
feature_77__lag7744,5.857124461141349e-05
feature_18,5.49476268156463e-05
feature_58__rz3,5.272059384433547e-05
feature_17__lag2,5.183194257325987e-05
feature_02,4.7141116939001574e-05
feature_21__ret10,4.658809987237512e-05
responder_1_same_t_prev3,4.4298520046597475e-05
feature_75__rz14,4.3856813522626564e-05
feature_04__lag500,4.126782999805368e-05
feature_69__rstd7,4.0478249513642564e-05
feature_27__diff10,3.839105097593435e-05
feature_27__ret3,3.7508189118557505e-05
feature_24__ret3,3.732644361469987e-05
feature_37__rz30,3.181250495826839e-05
feature_55__rz30,2.9792205867399217e-05
feature_01__rstd7,2.837703446127758e-05
feature_16__lag10,2.5743687014368355e-05
feature_35__rstd14,1.7740689838255796e-05
feature_46__lag10,1.7599393027240726e-05
feature_25__diff3,1.6577657947958832e-05
feature_34__lag2,1.6273241101447206e-05
feature_34__lag1,1.5904501285819202e-05
feature_75__rz7,1.4395950468338048e-05
feature_15__rz30,1.2542004075017004e-05
feature_74__rz14,1.013220624750272e-05
feature_17__rstd7,8.661116080336767e-06
feature_20__ret3,6.146879576621468e-06
feature_08__rz7,3.812591891491672e-06
feature_35__rstd7,2.7237329104677596e-06
feature_16__rstd3,1.4299968634103085e-06
feature_68__lag900,1.2595736074710306e-06
feature_34__rstd7,2.099889296284502e-07
feature_17__diff3,0.0
feature_16__diff3,0.0
feature_15__diff3,0.0
